,City,Cloudiness,Country,Date,Humidity,Latitude,Longitude,Max Temperature,Wind Speed
0,Sitka,42,US,2019-09-28,79,37.17,-99.65,70.0,13.0
1,Mandurah,0,AU,2019-09-28,53,-32.55,115.7,75.99,8.05
2,Mogadishu,82,SO,2019-09-28,88,2.04,45.34,75.68,10.65
3,Sechura,6,PE,2019-09-28,89,-5.56,-80.82,62.83,12.44
4,Khash,0,IR,2019-09-28,23,28.22,61.21,71.14,1.23
5,Hobart,75,AU,2019-09-28,41,-42.88,147.33,57.2,12.75
6,Haines Junction,80,CA,2019-09-28,47,60.75,-137.51,32.79,2.59
7,Nikolskoye,20,RU,2019-09-28,93,59.7,30.79,44.01,8.95
8,College,1,US,2019-09-28,39,64.86,-147.8,50.0,5.82
9,Laguna,75,BZ,2019-09-28,88,16.17,-88.94,80.6,2.13
10,Busselton,0,AU,2019-09-28,42,-33.64,115.35,73.99,7.74
11,Bytow,75,PL,2019-09-28,93,54.17,17.49,54.0,9.17
12,Isangel,68,VU,2019-09-28,61,-19.55,169.27,80.6,10.29
13,Kapaa,1,US,2019-09-28,70,22.08,-159.32,86.0,11.41
14,Boguchany,100,RU,2019-09-28,79,58.38,97.46,35.86,10.92
15,Rikitea,6,PF,2019-09-28,86,-23.12,-134.97,73.32,11.18
16,Tazovskiy,100,RU,2019-09-28,93,67.47,78.7,31.27,3.33
17,Noumea,0,NC,2019-09-28,48,-22.28,166.46,84.2,12.75
18,Georgetown,40,GY,2019-09-28,94,6.8,-58.16,80.6,4.7
19,Pionerskiy,95,RU,2019-09-28,84,61.2,62.86,31.47,6.69
20,Angoche,0,MZ,2019-09-28,77,-16.23,39.91,65.24,2.95
21,Huai Thalaeng,30,TH,2019-09-28,83,15.0,102.65,84.0,6.93
22,Padang,100,ID,2019-09-28,85,-0.92,100.36,78.85,14.92
23,Kodiak,75,US,2019-09-28,93,39.95,-94.76,64.4,3.36
24,Ormara,11,PK,2019-09-28,74,25.21,64.64,82.61,7.54
25,Butaritari,100,KI,2019-09-28,68,3.07,172.79,84.61,7.23
26,Khatanga,65,RU,2019-09-28,59,71.98,102.47,31.49,5.93
27,Sola,90,TZ,2019-09-28,76,-3.17,33.8,69.76,2.59
28,Balakirevo,66,RU,2019-09-28,94,56.51,38.84,39.23,6.49
29,Bluff,0,AU,2019-09-28,29,-23.58,149.07,87.61,3.47
30,Margate,75,AU,2019-09-28,41,-43.03,147.26,57.2,12.75
31,Ribeira Grande,0,PT,2019-09-28,88,38.52,-28.7,72.75,22.3
32,Bubaque,34,GW,2019-09-28,79,11.28,-15.83,80.68,8.57
33,Punta Arenas,75,CL,2019-09-28,93,-53.16,-70.91,39.2,5.82
34,Chokurdakh,100,RU,2019-09-28,88,70.62,147.9,30.91,3.91
35,Cape Town,40,ZA,2019-09-28,87,-33.93,18.42,64.0,6.93
36,Mataura,62,NZ,2019-09-28,70,-46.19,168.86,55.99,13.0
37,Atbasar,33,KZ,2019-09-28,76,51.81,68.36,34.78,17.54
38,Salinas,1,US,2019-09-28,67,36.67,-121.66,61.0,14.99
39,Avarua,40,CK,2019-09-28,73,-21.21,-159.78,75.2,6.93
40,Usoke,75,TZ,2019-09-28,70,-5.09,32.32,69.07,3.27
41,Pevek,100,RU,2019-09-28,97,69.7,170.27,33.94,26.17
42,Teahupoo,75,PF,2019-09-28,69,-17.83,-149.27,82.4,11.41
43,Dalbandin,0,PK,2019-09-28,6,28.9,64.41,84.77,1.7
44,Port Alfred,100,ZA,2019-09-28,92,-33.59,26.89,64.99,2.3
45,Ambovombe,32,MG,2019-09-28,81,-25.18,46.09,70.3,10.51
46,Ambilobe,72,MG,2019-09-28,73,-13.19,49.05,76.0,6.49
47,Fukue,75,JP,2019-09-28,61,35.03,136.69,90.0,8.05
48,Morondava,0,MG,2019-09-28,76,-20.3,44.28,70.6,9.66
49,Barrow,0,AR,2019-09-28,78,-38.31,-60.23,61.21,13.76
50,Muros,75,ES,2019-09-28,93,42.77,-9.06,62.01,4.7
51,Ushuaia,90,AR,2019-09-28,81,-54.81,-68.31,44.6,34.45
52,Touros,40,BR,2019-09-28,83,-5.2,-35.46,75.2,5.82
53,Okha,100,RU,2019-09-28,90,53.59,142.95,49.31,21.12
54,Port Hardy,5,CA,2019-09-28,47,50.7,-127.42,55.4,9.17
55,Lata,100,IN,2019-09-28,91,30.78,78.62,39.48,3.58
56,Bollnas,100,SE,2019-09-28,98,61.35,16.39,50.0,2.42
57,Mariani,99,IN,2019-09-28,94,26.65,94.32,73.61,2.68
58,Mier,20,IT,2019-09-28,93,46.13,12.19,66.99,1.97
59,Adrar,0,DZ,2019-09-28,10,27.87,-0.29,87.8,11.41
60,Tasiilaq,0,GL,2019-09-28,52,65.61,-37.64,41.0,2.17
61,Yellowknife,75,CA,2019-09-28,64,62.45,-114.38,33.8,4.7
62,Marsh Harbour,7,BS,2019-09-28,83,26.54,-77.06,79.98,19.24
63,Idukki,37,IN,2019-09-28,81,9.85,76.97,80.14,2.24
64,Phangnga,20,TH,2019-09-28,74,8.45,98.53,82.4,4.7
65,Hovd,0,NO,2019-09-28,93,63.83,10.7,55.0,2.42
66,Hithadhoo,82,MV,2019-09-28,72,-0.6,73.08,83.24,11.61
67,Araouane,13,ML,2019-09-28,9,18.9,-3.53,89.79,4.85
68,Te Anau,96,NZ,2019-09-28,79,-45.41,167.72,49.0,9.13
69,Cabo San Lucas,75,MX,2019-09-28,78,22.89,-109.91,81.0,6.93
70,Puerto Ayora,0,EC,2019-09-28,89,-0.74,-90.35,68.0,3.0
71,Kruisfontein,100,ZA,2019-09-28,89,-34.0,24.73,60.22,5.1
72,Marzuq,99,YE,2019-09-28,64,14.4,46.47,71.43,2.82
73,Ponta do Sol,29,BR,2019-09-28,62,-20.63,-46.0,66.99,4.92
74,Albany,90,US,2019-09-28,78,42.65,-73.75,71.6,5.82
75,Saldanha,25,PT,2019-09-28,51,41.42,-6.55,57.54,2.37
76,Hamilton,75,CA,2019-09-28,93,43.26,-79.87,63.0,9.17
77,Dikson,93,RU,2019-09-28,91,73.51,80.55,30.9,8.1
78,Shelopugino,100,RU,2019-09-28,40,51.65,117.56,49.49,7.52
79,Port Lincoln,99,AU,2019-09-28,74,-34.72,135.86,54.67,12.06
80,Upernavik,21,GL,2019-09-28,67,72.79,-56.15,41.53,9.26
81,Kaitangata,97,NZ,2019-09-28,71,-46.28,169.85,55.0,10.0
82,Bam,0,IR,2019-09-28,29,29.11,58.36,70.46,4.29
83,Longyearbyen,75,NO,2019-09-28,63,78.22,15.63,26.6,11.41
84,Minot,90,US,2019-09-28,66,48.23,-101.3,48.2,16.11
85,Hermanus,100,ZA,2019-09-28,92,-34.42,19.24,63.0,5.99
86,Agadez,1,NE,2019-09-28,18,16.97,7.99,82.4,7.49
87,Liwale,3,TZ,2019-09-28,91,-9.8,37.92,60.24,1.99
88,San Matias,53,BO,2019-09-28,52,-16.36,-58.4,83.42,5.21
89,Kendari,100,ID,2019-09-28,49,-3.99,122.52,87.04,7.14
90,Mankachar,100,IN,2019-09-28,92,25.53,89.87,73.41,5.59
91,Wote,0,KE,2019-09-28,68,-1.78,37.63,60.97,2.51
92,Mahebourg,75,MU,2019-09-28,83,-20.41,57.7,73.0,11.41
93,Dawson Creek,75,CA,2019-09-28,74,55.76,-120.23,35.6,3.36
94,Creel,0,MX,2019-09-28,75,27.75,-107.63,54.3,2.13
95,Paredon,0,BO,2019-09-28,39,-18.93,-65.16,54.44,2.86
96,Saskylakh,56,RU,2019-09-28,65,71.97,114.09,30.0,4.65
97,Tiassale,100,CI,2019-09-28,98,5.9,-4.83,72.44,0.31
98,Bathsheba,20,BB,2019-09-28,78,13.22,-59.52,82.4,10.29
99,Talnakh,75,RU,2019-09-28,95,69.49,88.39,32.0,4.47
100,Codrington,100,AU,2019-09-28,44,-28.95,153.24,79.0,11.41
101,Malanville,11,NE,2019-09-28,75,11.86,3.39,78.04,8.86
102,Loiza,20,PR,2019-09-28,83,18.43,-65.88,82.4,3.36
103,Beringovskiy,99,RU,2019-09-28,87,63.05,179.32,43.15,5.32
104,Lebu,75,ET,2019-09-28,82,8.96,38.73,57.2,6.93
105,Ancud,20,CL,2019-09-28,87,-41.87,-73.83,46.4,8.05
106,Hay River,75,CA,2019-09-28,60,60.82,-115.79,41.0,4.7
107,Langham,90,CA,2019-09-28,64,52.36,-106.96,39.2,9.17
108,Nata,14,BW,2019-09-28,18,-20.21,26.19,56.33,9.31
109,Abay,40,KZ,2019-09-28,65,49.63,72.87,41.0,13.42
110,Nhulunbuy,0,AU,2019-09-28,48,-12.18,136.78,87.8,10.29
111,Arraial do Cabo,100,BR,2019-09-28,84,-22.97,-42.02,67.76,10.49
112,Kysyl-Syr,0,RU,2019-09-28,53,63.9,122.77,39.63,2.86
113,Kidal,0,ML,2019-09-28,12,18.44,1.41,86.28,4.83
114,Vaini,40,IN,2019-09-28,94,15.34,74.49,71.6,2.44
115,Pandan,66,PH,2019-09-28,71,11.72,122.09,84.3,16.44
116,Qaanaaq,0,GL,2019-09-28,68,77.48,-69.36,27.73,7.05
117,Sao Joao da Barra,100,BR,2019-09-28,88,-21.64,-41.05,66.91,4.9
118,Bredasdorp,100,ZA,2019-09-28,88,-34.53,20.04,63.0,5.82
119,Meiganga,100,CM,2019-09-28,98,6.52,14.29,63.94,2.53
120,Paamiut,71,GL,2019-09-28,76,61.99,-49.67,43.15,7.29
121,Chuy,0,UY,2019-09-28,88,-33.69,-53.46,55.2,9.93
122,Palauig,92,PH,2019-09-28,73,15.44,119.9,84.0,8.1
123,Uni,7,RU,2019-09-28,94,57.75,51.49,30.12,6.82
124,Tiksi,1,RU,2019-09-28,71,71.64,128.87,30.82,6.98
125,Cherskiy,96,RU,2019-09-28,74,68.75,161.3,33.56,8.93
126,Placido de Castro,0,BR,2019-09-28,55,-10.34,-67.19,80.76,3.09
127,Sioux Lookout,20,CA,2019-09-28,93,50.1,-91.92,41.0,2.75
128,Castel San Giovanni,0,IT,2019-09-28,6,45.06,9.43,66.0,2.44
129,Ezequiel Montes,75,MX,2019-09-28,68,20.66,-99.9,68.0,12.75
130,Cayenne,0,GF,2019-09-28,88,4.94,-52.33,78.8,1.12
131,Nuuk,0,GL,2019-09-28,100,64.17,-51.74,33.8,6.2
132,Pocone,43,BR,2019-09-28,54,-16.26,-56.62,82.34,3.2
133,Faanui,5,PF,2019-09-28,84,-16.48,-151.75,78.18,17.07
134,Atasu,100,KZ,2019-09-28,64,48.68,71.64,43.75,15.7
135,Grand-Santi,4,GF,2019-09-28,95,4.27,-54.38,72.84,2.17
136,Hilo,90,US,2019-09-28,66,19.71,-155.08,84.2,9.17
137,Teguise,0,ES,2019-09-28,88,29.06,-13.56,71.6,10.29
138,Tayu,75,JP,2019-09-28,61,35.06,136.67,90.0,8.05
139,Dharmadam,40,IN,2019-09-28,94,11.78,75.43,75.2,2.24
140,Zhigansk,27,RU,2019-09-28,59,66.77,123.37,36.21,2.35
141,Roald,100,NO,2019-09-28,93,62.58,6.12,50.0,3.36
142,Carutapera,76,BR,2019-09-28,78,-1.2,-46.02,79.24,7.45
143,New Norfolk,75,AU,2019-09-28,41,-42.78,147.06,57.2,12.75
144,Cockburn Town,40,TC,2019-09-28,78,21.46,-71.14,82.4,5.82
145,Victoria Point,20,AU,2019-09-28,50,-27.58,153.3,84.99,11.41
146,Pringsewu,17,ID,2019-09-28,48,-5.36,104.98,87.07,4.85
147,Atuona,0,PF,2019-09-28,73,-9.8,-139.03,79.95,10.71
148,Yenagoa,100,NG,2019-09-28,95,4.92,6.26,73.66,1.07
149,Narsaq,15,GL,2019-09-28,49,60.91,-46.05,46.4,3.36
150,Airai,38,TL,2019-09-28,52,-8.93,125.41,83.83,7.54
151,Mar del Plata,0,AR,2019-09-28,45,-46.43,-67.52,52.68,21.09
152,Nuzvid,75,IN,2019-09-28,88,16.79,80.85,80.6,4.76
153,Thinadhoo,78,MV,2019-09-28,69,0.53,72.93,83.15,8.59
154,Fairlie,1,US,2019-09-28,69,33.31,-95.96,86.0,12.75
155,Bethel,90,US,2019-09-28,93,60.79,-161.76,50.0,6.93
156,Tucurui,59,BR,2019-09-28,92,-3.77,-49.67,74.82,2.89
157,Dongsheng,0,CN,2019-09-28,32,29.72,112.52,85.35,4.79
158,East London,100,ZA,2019-09-28,93,-33.02,27.91,59.14,2.51
159,Tuktoyaktuk,75,CA,2019-09-28,74,69.44,-133.03,37.4,6.93
160,Lavrentiya,100,RU,2019-09-28,76,65.58,-170.99,43.77,6.15
161,Thompson,20,CA,2019-09-28,80,55.74,-97.86,32.0,8.05
162,Havoysund,100,NO,2019-09-28,77,71.0,24.66,35.6,11.41
163,Iqaluit,90,CA,2019-09-28,100,63.75,-68.52,37.4,5.82
164,Kavieng,5,PG,2019-09-28,63,-2.57,150.8,83.87,4.25
165,Yar-Sale,62,RU,2019-09-28,85,66.83,70.83,31.78,3.33
166,Wanning,75,AT,2019-09-28,100,48.64,13.53,54.0,1.12
167,Conakry,100,GN,2019-09-28,83,9.52,-13.7,80.07,8.88
168,Caloundra,20,AU,2019-09-28,50,-26.8,153.14,80.01,11.41
169,Srednekolymsk,84,RU,2019-09-28,70,67.46,153.71,32.01,3.33
170,Santa Iria de Azoia,20,PT,2019-09-28,87,38.84,-9.09,60.8,5.82
171,Salalah,75,OM,2019-09-28,83,17.01,54.1,80.6,5.82
172,Broken Hill,0,AU,2019-09-28,25,-31.97,141.45,68.0,12.75
173,Tutoia,0,BR,2019-09-28,95,-2.76,-42.27,72.66,4.25
174,Severo-Kurilsk,69,RU,2019-09-28,86,50.68,156.12,49.4,6.62
175,San Cristobal,92,HN,2019-09-28,91,14.68,-86.92,68.32,4.05
176,Igarka,100,RU,2019-09-28,91,67.47,86.57,32.59,4.09
177,Santa Fe,0,AR,2019-09-28,60,-31.62,-60.7,73.0,1.99
178,Kahului,40,US,2019-09-28,66,20.89,-156.47,84.2,19.46
179,Karratha,0,AU,2019-09-28,11,-20.74,116.85,91.79,4.54
180,Port Arthur,1,US,2019-09-28,78,29.9,-93.93,82.4,11.41
181,Matagami,100,NG,2019-09-28,98,9.67,8.4,68.7,1.7
182,Beloha,21,MG,2019-09-28,87,-25.17,45.06,65.02,4.36
183,Bay Roberts,90,CA,2019-09-28,93,47.58,-53.28,51.01,4.7
184,Marabba,4,SD,2019-09-28,61,12.35,32.18,79.82,5.95
185,Necochea,0,AR,2019-09-28,58,-38.55,-58.74,55.0,5.99
186,Colac,78,AU,2019-09-28,83,-38.34,143.59,62.01,1.01
187,Laredo,1,US,2019-09-28,70,27.51,-99.51,89.6,16.11
188,Husavik,100,CA,2019-09-28,60,50.56,-96.99,46.0,7.07
189,Flinders,91,AU,2019-09-28,34,-34.58,150.85,71.01,5.82
190,Lasa,0,CY,2019-09-28,82,34.92,32.53,69.8,6.93
191,Aykhal,90,RU,2019-09-28,92,65.95,111.51,26.6,4.47
192,Dennis,40,US,2019-09-28,88,41.74,-70.19,69.01,6.93
193,Spencer,1,US,2019-09-28,93,42.24,-71.99,68.0,12.75
194,Nouadhibou,0,MR,2019-09-28,88,20.93,-17.03,68.0,12.75
195,Bambous Virieux,75,MU,2019-09-28,83,-20.34,57.76,73.0,11.41
196,Hervey Bay,40,AU,2019-09-28,48,-25.3,152.85,84.99,11.41
197,Jamestown,0,AU,2019-09-28,31,-33.21,138.6,71.13,6.55
198,Tual,100,ID,2019-09-28,85,-5.67,132.75,78.4,13.76
199,Talara,63,PE,2019-09-28,91,-4.58,-81.27,64.18,17.22
200,Ingham,0,AU,2019-09-28,30,-18.65,146.16,88.46,7.18
201,Pimentel,3,BR,2019-09-28,78,-3.7,-45.5,75.95,4.65
202,Pilar,0,AR,2019-09-28,82,-34.46,-58.91,64.4,4.7
203,Salaverry,41,PE,2019-09-28,87,-8.22,-78.98,60.8,8.05
204,Amarante,20,PT,2019-09-28,93,41.27,-8.08,55.99,0.81
205,Cardston,90,CA,2019-09-28,86,49.2,-113.32,28.99,16.11
206,Correntina,29,BR,2019-09-28,66,-13.34,-44.63,68.64,2.39
207,Puerto Escondido,100,MX,2019-09-28,96,15.86,-97.07,74.96,9.17
208,Souillac,0,FR,2019-09-28,93,45.6,-0.6,57.0,3.36
209,Awjilah,0,LY,2019-09-28,75,29.14,21.3,71.29,4.9
210,Broome,100,GB,2019-09-28,100,52.47,1.45,61.0,14.99
211,Namibe,98,AO,2019-09-28,88,-15.19,12.15,67.56,9.22
212,Jalu,0,LY,2019-09-28,59,29.03,21.55,73.03,4.52
213,Calamar,0,CO,2019-09-28,94,1.96,-72.65,71.38,0.76
214,Faya,0,SA,2019-09-28,59,18.39,42.45,66.2,4.7
215,Kem,52,UG,2019-09-28,83,2.68,33.77,64.81,1.97
216,Abu Dhabi,0,AE,2019-09-28,79,24.47,54.37,86.0,4.7
217,Dumas,75,IN,2019-09-28,88,21.09,72.71,80.6,6.93
218,Tefe,66,BR,2019-09-28,62,-3.35,-64.71,76.78,1.3
219,Ahipara,67,NZ,2019-09-28,80,-35.17,173.16,59.52,15.59
220,Mandera,55,ET,2019-09-28,55,3.94,41.86,77.91,7.27
221,Marawi,72,PH,2019-09-28,76,8.0,124.29,84.0,5.99
222,Soller,40,DE,2019-09-28,77,50.73,6.56,61.0,10.29
223,Petrokamenskoye,0,RU,2019-09-28,89,57.72,60.65,28.3,8.3
224,Kenai,90,US,2019-09-28,66,60.55,-151.26,50.0,11.41
225,Tuatapere,93,NZ,2019-09-28,70,-46.13,167.69,55.99,13.0
226,Gudur,40,IN,2019-09-28,78,14.15,79.85,80.6,6.93
227,Walvis Bay,4,NA,2019-09-28,87,-22.95,14.51,63.0,4.7
228,Vigrestad,0,NO,2019-09-28,93,58.57,5.7,51.01,1.12
229,Vao,100,EE,2019-09-28,95,59.1,26.19,49.72,8.61
230,Erzin,0,TR,2019-09-28,78,36.95,36.2,75.2,9.17
231,Ende,1,ID,2019-09-28,80,-8.84,121.65,77.8,7.29
232,Khambhat,40,IN,2019-09-28,88,22.32,72.62,78.8,4.7
233,Port Elizabeth,1,US,2019-09-28,94,39.31,-74.98,75.99,4.21
234,Kogon,0,UZ,2019-09-28,67,39.73,64.54,60.8,6.93
235,Bereda,40,ES,2019-09-28,87,43.27,-7.54,62.01,13.87
236,Harper,1,US,2019-09-28,78,30.3,-99.24,81.0,11.41
237,Gaoyou,0,CN,2019-09-28,57,32.79,119.43,87.01,1.99
238,Poum,58,MK,2019-09-28,81,41.28,20.71,52.53,0.6
239,Atagay,100,RU,2019-09-28,60,55.1,99.39,42.38,8.03
240,Usinsk,100,RU,2019-09-28,98,66.0,57.56,37.02,12.71
241,El Alto,0,BO,2019-09-28,52,-16.5,-68.19,42.8,8.05
242,Chenzhou,0,CN,2019-09-28,29,25.81,113.03,87.22,3.65
243,Sharjah,0,AE,2019-09-28,79,25.36,55.39,87.8,6.93
244,Madoc,5,CA,2019-09-28,87,43.71,-79.75,62.01,5.82
245,Trapani,20,IT,2019-09-28,88,38.02,12.54,70.0,4.7
246,Tongliao,23,CN,2019-09-28,25,43.61,122.27,68.12,6.67
247,Pokhara,100,NP,2019-09-28,90,28.21,83.99,52.71,2.35
248,Nauta,7,PE,2019-09-28,76,-4.51,-73.58,77.5,2.68
249,Birjand,0,IR,2019-09-28,17,32.86,59.22,55.4,3.24
250,Luderitz,94,NA,2019-09-28,93,-26.65,15.16,57.2,3.36
251,Mogwase,88,ZA,2019-09-28,25,-25.28,27.22,51.8,1.12
252,The Valley,20,AI,2019-09-28,83,18.22,-63.06,82.4,3.36
253,Saint-Philippe,90,CA,2019-09-28,93,45.36,-73.48,62.01,9.17
254,Henties Bay,0,NA,2019-09-28,87,-22.12,14.28,63.0,5.99
255,Xuddur,100,SO,2019-09-28,69,4.12,43.89,72.35,13.78
256,Trinidad,0,BO,2019-09-28,38,-14.83,-64.9,82.3,3.74
257,Ugoofaaru,100,MV,2019-09-28,68,5.67,73.0,83.51,7.2
258,San Luis,0,AR,2019-09-28,28,-33.3,-66.34,72.98,11.61
259,Jesus Carranza,1,MX,2019-09-28,26,31.49,-106.24,84.2,4.7
260,Zhireken,62,RU,2019-09-28,44,52.82,117.29,47.04,7.92
261,Pangkalanbuun,72,ID,2019-09-28,48,-2.68,111.62,90.64,4.16
262,Inhambane,0,MZ,2019-09-28,96,-23.87,35.38,61.08,1.72
263,Yokadouma,100,CM,2019-09-28,99,3.52,15.05,67.31,1.57
264,Esperance,90,AU,2019-09-28,77,-33.86,121.89,59.0,9.17
265,San Vicente,75,EC,2019-09-28,83,-0.59,-80.41,75.2,9.17
266,Mildura,0,AU,2019-09-28,34,-34.18,142.16,64.4,9.17
267,Egvekinot,98,RU,2019-09-28,100,66.32,-179.17,35.79,3.04
268,Fairbanks,1,US,2019-09-28,39,64.84,-147.72,50.0,5.82
269,Belmonte,0,PT,2019-09-28,70,40.36,-7.35,51.01,2.71
270,Champerico,90,MX,2019-09-28,69,16.38,-93.6,77.0,2.24
271,Vung Tau,36,VN,2019-09-28,67,10.35,107.08,85.31,4.99
272,Yumen,28,CN,2019-09-28,12,40.29,97.04,76.63,3.78
273,Marrakesh,0,MA,2019-09-28,68,31.63,-7.99,71.6,2.24
274,Solnechnyy,0,RU,2019-09-28,47,50.72,136.64,57.57,14.03
275,Castro,20,CL,2019-09-28,87,-42.48,-73.76,46.4,8.05
276,Homer,90,US,2019-09-28,71,59.64,-151.54,51.8,4.7
277,Aksay,0,KZ,2019-09-28,84,51.17,53.01,35.14,4.74
278,Aklavik,20,CA,2019-09-28,69,68.22,-135.01,37.4,3.36
279,Atambua,41,ID,2019-09-28,75,-9.11,124.89,77.66,9.6
280,Saint George,0,GR,2019-09-28,93,39.45,22.34,60.8,1.1
281,Coquimbo,0,CL,2019-09-28,82,-29.95,-71.34,55.4,8.05
282,Nanortalik,87,GL,2019-09-28,76,60.14,-45.24,40.99,1.19
283,Edd,68,ER,2019-09-28,73,13.93,41.69,85.36,3.87
284,Findhorn,31,GB,2019-09-28,100,57.66,-3.61,55.4,3.36
285,Scarborough,100,GB,2019-09-28,93,54.28,-0.41,54.0,8.05
286,Lorengau,15,PG,2019-09-28,73,-2.02,147.27,82.81,2.13
287,Dandong,0,CN,2019-09-28,68,40.12,124.37,74.71,6.96
288,Weatherford,1,US,2019-09-28,45,32.76,-97.8,88.0,8.05
289,Praia da Vitoria,40,PT,2019-09-28,83,38.73,-27.07,73.4,18.41
290,Mecca,78,SA,2019-09-28,49,21.43,39.83,85.24,3.47
291,Nushki,0,PK,2019-09-28,39,29.55,66.02,80.47,7.4
292,Sawakin,2,SD,2019-09-28,42,19.1,37.33,77.55,2.44
293,Byron Bay,0,AU,2019-09-28,64,-28.65,153.62,80.01,14.99
294,Bagula,100,IN,2019-09-28,94,23.33,88.64,73.97,9.24
295,Provideniya,100,RU,2019-09-28,80,64.42,-173.23,44.25,3.44
296,Gat,20,SN,2019-09-28,88,14.69,-16.54,78.8,8.05
297,Zhanaozen,97,KZ,2019-09-28,67,43.35,52.85,51.58,15.57
298,Misratah,0,LY,2019-09-28,68,32.38,15.09,77.35,5.48
299,Tautira,75,PF,2019-09-28,69,-17.73,-149.15,82.4,11.41
300,Yanam,75,IN,2019-09-28,94,16.73,82.22,78.8,3.36
301,Nalut,0,LY,2019-09-28,80,31.86,10.98,65.74,4.79
302,Waitara,39,NZ,2019-09-28,92,-39.0,174.24,54.0,8.01
303,Torbay,90,CA,2019-09-28,93,47.66,-52.73,51.01,4.7
304,Antalaha,97,MG,2019-09-28,98,-14.9,50.28,66.1,1.61
305,Pulandian,0,CN,2019-09-28,54,39.4,121.96,80.6,6.71
306,Nome,40,US,2019-09-28,83,30.04,-94.42,82.99,3.36
307,Sabang,79,PH,2019-09-28,79,13.8,121.11,87.01,3.0
308,Truth or Consequences,1,US,2019-09-28,36,33.13,-107.25,75.2,8.05
309,Bilibino,95,RU,2019-09-28,90,68.06,166.44,25.33,5.61
310,Cascais,20,PT,2019-09-28,87,38.7,-9.42,60.8,5.82
311,Cabedelo,20,BR,2019-09-28,83,-6.97,-34.84,77.0,4.7
312,Saint-Anselme,75,CA,2019-09-28,93,46.63,-70.97,57.99,5.82
313,Vinukonda,100,IN,2019-09-28,74,16.05,79.74,81.26,6.29
314,Alexandria,0,RO,2019-09-28,79,43.97,25.33,50.0,5.84
315,Burnie,0,AU,2019-09-28,44,-41.05,145.91,56.15,10.36
316,Rondonopolis,33,BR,2019-09-28,59,-16.46,-54.64,80.14,2.51
317,Sesheke,0,NA,2019-09-28,28,-17.47,24.29,55.4,4.7
318,Mount Isa,0,AU,2019-09-28,9,-20.73,139.49,93.2,8.05
319,Harrison,1,US,2019-09-28,78,39.26,-84.82,78.01,5.82
320,Camocim,20,BR,2019-09-28,98,-2.9,-40.84,70.55,4.63
321,Sur,59,OM,2019-09-28,49,22.57,59.53,86.35,7.2
322,Qaqortoq,15,GL,2019-09-28,49,60.72,-46.03,46.4,3.36
323,Namatanai,96,PG,2019-09-28,72,-3.66,152.44,81.85,8.32
324,Oum Hadjer,96,TD,2019-09-28,53,13.3,19.7,84.61,10.65
325,Norman Wells,75,CA,2019-09-28,55,65.28,-126.83,39.2,3.36
326,Raymondville,75,US,2019-09-28,78,37.34,-91.83,75.2,13.87
327,Olinda,90,AU,2019-09-28,58,-37.84,145.39,62.01,16.11
328,Kindu,100,CD,2019-09-28,96,-2.95,25.92,70.44,2.48
329,Cadereyta,75,MX,2019-09-28,58,25.58,-99.98,86.0,9.17
330,Cidreira,0,BR,2019-09-28,77,-30.17,-50.22,61.33,15.64
331,Iskilip,0,TR,2019-09-28,85,40.73,34.47,45.48,1.59
332,Douentza,0,ML,2019-09-28,46,15.01,-2.95,84.37,5.86
333,Geraldton,75,CA,2019-09-28,86,49.72,-86.95,37.4,2.24
334,Cururupu,43,BR,2019-09-28,98,-1.82,-44.87,71.76,2.64
335,Chulym,100,RU,2019-09-28,53,55.09,80.97,43.77,15.66
336,Acapulco,90,MX,2019-09-28,83,16.86,-99.88,78.8,18.34
337,Malpe,40,IN,2019-09-28,94,13.35,74.72,77.0,7.54
338,Dwarka,75,IN,2019-09-28,94,28.58,77.04,82.99,5.82
339,Marijampole,90,LT,2019-09-28,93,54.57,23.35,51.8,4.7
340,Contamana,11,PE,2019-09-28,72,-7.35,-75.01,77.17,2.8
341,El Fuerte,0,MX,2019-09-28,62,26.42,-108.62,79.68,6.13
342,Benguela,100,AO,2019-09-28,86,-12.58,13.4,72.21,7.25
343,Grindavik,0,IS,2019-09-28,87,63.84,-22.43,42.8,3.36
344,Porto Velho,75,BR,2019-09-28,94,-8.75,-63.87,75.2,2.24
345,Sijunjung,100,ID,2019-09-28,70,-0.69,100.95,78.72,2.68
346,Calvinia,100,ZA,2019-09-28,88,-31.47,19.78,52.98,6.67
347,Khandyga,88,RU,2019-09-28,61,62.65,135.58,39.19,6.11
348,Vostok,95,RU,2019-09-28,89,46.45,135.83,59.34,7.76
349,Najran,40,SA,2019-09-28,38,17.54,44.22,77.0,4.68
350,Rocha,0,UY,2019-09-28,95,-34.48,-54.34,47.89,7.2
351,Westport,1,US,2019-09-28,88,41.14,-73.36,72.0,5.82
352,Stephenville,90,CA,2019-09-28,93,48.55,-58.59,51.8,5.82
353,Venado,0,MX,2019-09-28,74,22.93,-101.09,65.28,17.87
354,Avera,1,US,2019-09-28,69,33.19,-82.53,82.4,9.17
355,Galich,100,RU,2019-09-28,79,58.38,42.35,35.83,4.29
356,Blairmore,90,CA,2019-09-28,86,49.61,-114.44,32.0,16.11
357,Talcahuano,75,CL,2019-09-28,87,-36.72,-73.12,51.8,4.7
358,Kassala,1,SD,2019-09-28,45,15.45,36.38,84.63,6.33
359,Fortuna,1,US,2019-09-28,76,40.6,-124.16,55.99,10.29
360,Mnogovershinnyy,100,RU,2019-09-28,90,53.94,139.92,40.96,15.05
361,Tucumcari,20,US,2019-09-28,53,35.17,-103.73,77.0,11.41
362,Kita,75,JP,2019-09-28,88,35.76,139.74,84.0,8.05
363,Omboue,100,GA,2019-09-28,85,-1.57,9.26,76.63,14.56
364,Huancabamba,46,PE,2019-09-28,88,-5.24,-79.45,55.45,1.83
365,Ghorawal,100,IN,2019-09-28,90,24.75,82.78,75.03,10.0
366,Bosconia,100,CO,2019-09-28,87,9.97,-73.89,76.44,4.45
367,Carnarvon,100,ZA,2019-09-28,34,-30.97,22.13,59.41,3.85
368,Biak,99,ID,2019-09-28,69,-0.91,122.88,74.26,5.28
369,Vardo,1,US,2019-09-28,78,39.62,-77.74,75.99,2.57
370,Petropavlovsk-Kamchatskiy,90,RU,2019-09-28,38,53.05,158.65,59.0,2.24
371,Juybar,90,IR,2019-09-28,88,36.64,52.91,75.2,4.7
372,Eureka,1,US,2019-09-28,81,40.8,-124.16,55.99,4.7
373,Samarinda,99,ID,2019-09-28,69,-0.5,117.14,84.03,2.53
374,Havelock,1,US,2019-09-28,83,34.88,-76.9,80.6,3.36
375,Ahuimanu,90,US,2019-09-28,66,21.44,-157.84,87.8,12.75
376,Xinqing,0,CN,2019-09-28,45,48.28,129.53,49.45,10.69
377,Swellendam,100,ZA,2019-09-28,88,-34.02,20.44,62.6,5.82
378,Evensk,49,RU,2019-09-28,46,61.92,159.24,40.24,7.11
379,Nioro,0,GM,2019-09-28,89,13.79,-15.05,75.84,9.31
380,Borba,100,BR,2019-09-28,78,-4.39,-59.59,73.7,3.04
381,Mundo Nuevo,0,CL,2019-09-28,93,-32.72,-71.41,51.8,6.93
382,Campbell River,5,CA,2019-09-28,50,50.02,-125.24,57.2,5.82
383,Chino Valley,1,US,2019-09-28,59,34.76,-112.45,69.01,8.05
384,Zagan,85,PL,2019-09-28,82,51.62,15.31,57.0,5.99
385,Kaniama,54,CD,2019-09-28,72,-7.57,24.18,68.23,2.04
386,Aranos,0,NA,2019-09-28,48,-24.14,19.11,54.57,6.44
387,Muisne,76,EC,2019-09-28,86,0.61,-80.02,75.21,11.5
388,Klaksvik,100,FO,2019-09-28,93,62.23,-6.59,50.0,6.93
389,Stutterheim,100,ZA,2019-09-28,34,-32.57,27.43,58.09,6.11
390,Dakar,40,SN,2019-09-28,83,14.69,-17.45,80.6,6.93
391,Catalao,2,BR,2019-09-28,73,-18.17,-47.95,71.05,0.96
392,Oistins,20,BB,2019-09-28,78,13.07,-59.53,82.4,10.29
393,Bandarbeyla,61,SO,2019-09-28,77,9.49,50.81,74.74,15.17
394,Hojai,100,IN,2019-09-28,87,26.0,92.85,75.19,3.13
395,Iralaya,0,HN,2019-09-28,89,15.0,-83.23,78.02,2.48
396,Yulara,30,AU,2019-09-28,12,-25.24,130.99,86.0,4.7
397,Kalmunai,100,LK,2019-09-28,74,7.42,81.82,80.86,2.86
398,Kolosovka,100,RU,2019-09-28,94,56.47,73.61,34.1,15.93
399,Bar Harbor,40,US,2019-09-28,93,44.39,-68.2,62.01,8.05
400,Ilulissat,0,GL,2019-09-28,86,69.22,-51.1,33.8,2.24
401,Grand Forks,90,US,2019-09-28,53,47.91,-97.06,51.8,13.87
402,Maryville,75,US,2019-09-28,65,35.76,-83.97,78.8,0.31
403,Berlevag,100,NO,2019-09-28,70,70.86,29.09,37.27,10.11
404,Yudong,36,CN,2019-09-28,54,32.02,121.36,84.0,6.76
405,Lubao,90,CD,2019-09-28,74,-5.39,25.75,72.35,2.39
406,Hambantota,75,LK,2019-09-28,100,6.12,81.12,73.4,3.36
407,Gamba,100,CN,2019-09-28,60,28.28,88.52,39.46,5.17
408,Yinchuan,0,CN,2019-09-28,49,38.48,106.21,67.72,3.4
409,Kangaatsiaq,32,GL,2019-09-28,84,68.31,-53.46,41.26,2.91
410,Miyako,75,JP,2019-09-28,74,33.63,130.94,82.99,1.12
411,Vila,40,IT,2019-09-28,100,45.18,8.4,66.0,3.36
412,Brae,3,GB,2019-09-28,100,60.4,-1.35,51.8,9.17
413,Tougue,100,GN,2019-09-28,90,11.45,-11.68,68.89,2.71
414,Goya,0,AR,2019-09-28,75,-29.14,-59.27,66.23,8.03
415,Rapid Valley,90,US,2019-09-28,87,44.06,-103.15,46.99,12.75
416,Emerald,0,AU,2019-09-28,24,-23.53,148.16,90.0,10.29
417,Prigorodka,0,RU,2019-09-28,86,52.04,39.71,39.2,8.95
418,Dingle,0,PH,2019-09-28,61,11.0,122.67,87.9,8.55
419,Desaguadero,0,PE,2019-09-28,73,-16.56,-69.04,43.33,3.4
420,Vila Franca do Campo,75,PT,2019-09-28,94,37.72,-25.43,71.6,12.75
421,Porvoo,75,FI,2019-09-28,100,60.4,25.66,52.0,11.41
422,Charagua,0,BO,2019-09-28,53,-19.79,-63.2,65.15,2.21
423,Tarauaca,0,BR,2019-09-28,74,-8.16,-70.77,76.29,2.44
424,San Patricio,0,PY,2019-09-28,57,-26.98,-56.83,65.96,5.91
425,Kolda,2,SN,2019-09-28,96,12.89,-14.94,74.02,5.88
426,Puqi,0,CN,2019-09-28,31,29.72,113.88,86.62,5.79
427,Glamoc,0,BA,2019-09-28,84,44.05,16.85,53.04,2.95
428,Shache,0,CN,2019-09-28,90,38.42,77.24,72.0,9.46
429,Victoria,75,BN,2019-09-28,70,5.28,115.24,86.0,3.36
430,Kuala Lipis,97,MY,2019-09-28,66,4.19,102.05,84.57,2.46
431,Kununurra,0,AU,2019-09-28,41,-15.77,128.74,93.2,8.05
432,Aripuana,100,BR,2019-09-28,89,-9.17,-60.63,74.74,0.85
433,Mikhaylovka,100,RU,2019-09-28,89,52.96,103.29,43.33,13.42
434,Yuzhno-Kurilsk,28,RU,2019-09-28,71,44.03,145.86,65.64,9.78
435,Leningradskiy,98,RU,2019-09-28,76,69.38,178.42,38.33,4.56
436,Derzhavinsk,0,KZ,2019-09-28,79,51.1,66.31,36.12,10.36
437,Shetpe,100,KZ,2019-09-28,59,44.14,52.16,52.51,10.92
438,Gizo,75,IL,2019-09-28,73,31.8,34.94,75.2,2.24
439,Prince Rupert,1,CA,2019-09-28,66,54.32,-130.32,53.6,6.93
440,Rawson,0,AR,2019-09-28,35,-43.3,-65.11,62.47,13.98
441,Samarkand,0,UZ,2019-09-28,55,39.65,66.98,62.6,4.7
442,Paita,28,PE,2019-09-28,92,-5.09,-81.11,63.04,14.97
443,Tarko-Sale,99,RU,2019-09-28,94,64.92,77.78,30.99,5.14
444,Seymchan,100,RU,2019-09-28,56,62.93,152.39,31.45,2.48
445,Pangnirtung,100,CA,2019-09-28,92,66.15,-65.72,35.92,4.0
446,Dicabisagan,100,PH,2019-09-28,84,17.08,122.42,82.2,6.38
447,Verkhoyansk,0,RU,2019-09-28,53,67.55,133.39,34.87,6.76
448,Soroti,33,UG,2019-09-28,92,1.71,33.61,65.44,2.77
449,Svetlaya,33,RU,2019-09-28,42,46.54,138.33,73.92,11.56
450,Duren,100,DE,2019-09-28,77,50.8,6.48,61.0,13.87
451,Fort Nelson,20,CA,2019-09-28,52,58.81,-122.69,42.8,2.24
452,Erenhot,34,CN,2019-09-28,26,43.65,111.97,74.46,11.72
453,Camacha,40,PT,2019-09-28,77,33.08,-16.33,71.6,8.05
454,Windhoek,0,NA,2019-09-28,22,-22.57,17.08,60.8,11.41
455,Dymer,90,UA,2019-09-28,100,50.78,30.31,55.99,4.47
456,Komsomolskiy,100,RU,2019-09-28,95,67.55,63.78,29.89,13.82
457,Los Llanos de Aridane,90,ES,2019-09-28,69,28.66,-17.92,73.4,11.41
458,Grand Gaube,75,MU,2019-09-28,83,-20.01,57.66,73.0,11.41
459,Pauini,82,BR,2019-09-28,77,-7.71,-67.0,77.07,2.26
460,Vitez,0,BA,2019-09-28,100,44.15,17.79,50.0,2.24
461,Nelson Bay,40,AU,2019-09-28,55,-32.72,152.14,70.0,8.05
462,Muravlenko,100,RU,2019-09-28,75,63.79,74.5,33.25,1.77
463,Dumai,47,ID,2019-09-28,73,1.68,101.45,85.96,1.43
464,Sao Filipe,16,CV,2019-09-28,86,14.9,-24.5,77.23,14.61
465,Frolovo,73,RU,2019-09-28,62,49.76,43.65,47.26,6.46
466,San Policarpo,96,PH,2019-09-28,77,12.18,125.51,84.39,6.69
467,Ust-Nera,100,RU,2019-09-28,91,64.57,143.24,25.68,6.26
468,Mujiayingzi,3,CN,2019-09-28,32,42.12,118.78,72.26,3.27
469,Martapura,34,ID,2019-09-28,51,-3.41,114.85,89.94,4.56
470,Vytegra,23,RU,2019-09-28,87,61.01,36.45,42.74,12.88
471,Mehamn,100,NO,2019-09-28,76,71.03,27.85,34.44,6.58
472,Lumeje,100,AO,2019-09-28,34,-11.56,20.78,59.64,3.15
473,Matiri,53,UG,2019-09-28,98,0.58,30.76,59.84,1.97
474,Clyde River,90,CA,2019-09-28,100,70.47,-68.59,35.6,13.87
475,Tessalit,0,ML,2019-09-28,14,20.2,1.01,88.12,6.67
476,Whyalla,0,AU,2019-09-28,48,-33.04,137.58,62.6,11.41
477,Kloulklubed,75,PW,2019-09-28,66,7.04,134.26,86.0,6.93
478,Buritizeiro,3,BR,2019-09-28,85,-17.37,-44.96,69.81,4.25
479,Kupang,20,ID,2019-09-28,40,-10.16,123.6,89.6,10.29
480,Honningsvag,100,NO,2019-09-28,72,70.98,25.97,36.82,9.01
481,Saint Anthony,90,US,2019-09-28,81,43.97,-111.68,48.2,4.59
482,Koumra,100,TD,2019-09-28,97,8.92,17.55,70.51,4.72
483,Novoagansk,100,RU,2019-09-28,88,61.94,76.66,34.12,2.62
484,Novikovo,100,RU,2019-09-28,70,51.15,37.89,45.69,7.09
485,Waipawa,1,NZ,2019-09-28,72,-39.94,176.59,61.0,3.0
486,Comodoro Rivadavia,0,AR,2019-09-28,36,-45.87,-67.48,62.6,18.34
487,Vallenar,0,CL,2019-09-28,85,-28.58,-70.76,47.94,1.7
488,Siloam Springs,20,US,2019-09-28,88,36.19,-94.54,77.0,6.93
489,Omsukchan,100,RU,2019-09-28,52,62.53,155.8,29.38,3.0
490,Maamba,17,ZM,2019-09-28,19,-17.36,27.22,56.98,2.35
491,Ailigandi,98,PA,2019-09-28,74,9.23,-78.02,83.26,4.27
492,Saint-Francois,0,FR,2019-09-28,93,46.42,3.91,48.2,3.36
493,Irondale,1,US,2019-09-28,88,37.83,-90.68,75.99,5.82
494,Ust-Ilimsk,100,RU,2019-09-28,71,57.96,102.73,39.43,14.45
495,Santa Helena de Goias,11,BR,2019-09-28,49,-17.81,-50.6,73.38,6.85
496,Qarqin,0,AF,2019-09-28,16,37.41,66.03,80.63,4.76
497,Manggar,0,ID,2019-09-28,45,-2.88,108.27,90.44,10.09
498,Pandan Niog,100,PH,2019-09-28,67,6.23,120.56,83.19,6.55
499,Nsanje,99,MZ,2019-09-28,52,-16.92,35.26,63.22,2.48
500,Kulhudhuffushi,100,MV,2019-09-28,68,6.62,73.07,83.1,7.45
501,Ngunguru,100,NZ,2019-09-28,75,-35.62,174.5,59.48,16.75
502,Jesup,1,US,2019-09-28,83,31.61,-81.89,80.6,4.05
503,Pasni,14,PK,2019-09-28,76,25.26,63.48,82.02,2.84
504,Fare,0,PF,2019-09-28,84,-16.7,-151.02,77.7,17.69
505,Barabai,65,ID,2019-09-28,36,-2.59,115.38,100.74,0.78
506,Alofi,44,NU,2019-09-28,69,-19.06,-169.92,78.8,18.34
507,Jabinyanah,0,TN,2019-09-28,78,35.03,10.91,71.6,3.36
508,Ozieri,0,IT,2019-09-28,93,40.59,9.0,64.99,2.24
509,Yangambi,100,CD,2019-09-28,99,0.77,24.47,69.15,1.45
510,Itoman,75,JP,2019-09-28,83,26.12,127.67,87.8,12.75
511,Brigantine,1,US,2019-09-28,94,39.41,-74.36,73.99,3.36
512,Livingston,1,US,2019-09-28,78,32.58,-88.19,80.01,4.29
513,Port-Gentil,100,GA,2019-09-28,85,-0.72,8.78,77.75,17.67
514,Kearney,90,US,2019-09-28,100,40.7,-99.08,59.0,5.82
515,Oranjemund,100,ZA,2019-09-28,91,-28.55,16.43,58.9,6.96
516,Lengshuitan,0,CN,2019-09-28,28,26.41,111.6,87.97,4.41
517,Velika Kladusa,75,BA,2019-09-28,93,45.19,15.81,57.99,1.12
518,Chara,0,GR,2019-09-28,93,39.42,22.43,60.8,1.1
519,Athabasca,24,CA,2019-09-28,67,54.72,-113.29,28.72,1.99
520,Sabha,0,LY,2019-09-28,54,27.03,14.43,73.72,9.75
521,Rockhampton,0,AU,2019-09-28,35,-23.38,150.51,86.0,8.05
522,Port Lavaca,90,US,2019-09-28,83,28.61,-96.63,82.99,6.93
523,Neiafu,20,TO,2019-09-28,69,-18.65,-173.98,80.6,11.41
524,Manzhouli,100,CN,2019-09-28,29,49.6,117.43,52.42,11.48
525,Nakusp,100,CA,2019-09-28,93,50.24,-117.8,36.0,3.78
526,Ucluelet,5,CA,2019-09-28,51,48.94,-125.55,59.0,9.17
527,Seattle,90,US,2019-09-28,66,47.6,-122.33,55.4,6.93
528,Lethbridge,90,CA,2019-09-28,100,49.69,-112.85,28.99,6.93
529,Sibolga,100,ID,2019-09-28,76,1.74,98.78,81.57,7.09
530,Palafrugell,20,ES,2019-09-28,100,41.92,3.16,64.0,2.62
531,Bussolengo,5,IT,2019-09-28,87,45.47,10.85,64.99,4.7
532,Boyuibe,0,BO,2019-09-28,48,-20.43,-63.28,66.23,3.56
533,Sawtell,94,AU,2019-09-28,60,-30.38,153.1,75.2,12.75
534,Candido Mendes,47,BR,2019-09-28,97,-1.45,-45.72,71.95,2.53
535,Pervomayskiy,15,RU,2019-09-28,84,53.24,40.29,43.19,7.25
536,Ekibastuz,100,KZ,2019-09-28,75,51.72,75.32,43.6,20.13
537,Bosaso,67,SO,2019-09-28,76,11.28,49.18,86.48,13.06
538,Tommot,0,RU,2019-09-28,57,58.97,126.27,38.94,5.55
539,Naze,40,NG,2019-09-28,100,5.43,7.07,73.4,4.9
540,Caravelas,100,BR,2019-09-28,83,-17.73,-39.27,73.79,11.97
541,Celestun,100,MX,2019-09-28,80,20.87,-90.4,84.32,16.22
542,Shenzhen,13,CN,2019-09-28,70,22.54,114.05,91.99,8.95
543,Lompoc,20,US,2019-09-28,67,34.64,-120.46,60.8,11.41
544,Birao,100,CF,2019-09-28,96,10.3,22.78,71.63,6.15
545,Toora-Khem,95,RU,2019-09-28,72,52.47,96.11,43.8,3.06
546,Kampene,100,CD,2019-09-28,97,-3.59,26.67,68.16,2.44
547,Shelburne,75,CA,2019-09-28,93,44.08,-80.2,57.99,3.36
548,Ixtapa,90,MX,2019-09-28,70,20.71,-105.21,87.8,7.81
